Workbook

Sheet Start Here
A1: LEVEL UP TRACKER
A2: ANIMEBULK · Log lifts and bodyweight, level up every week · animebulk.com
A4: How it works
A5: 1. Fill the yellow cells on this sheet (your units and targets). Blue text = your inputs. Black = formulas, leave them.
A6: 2. Weekly Check-in: weigh yourself 3 mornings a week, type the numbers in. The sheet averages them and tells you whether to add or cut calories.
A7: 3. Workout Log: one row per set. Pick the exercise from the dropdown, type weight and reps. Estimated 1-rep max (Epley formula) and PR flags are automatic.
A8: 4. PR Board: your best lift per exercise, updated automatically from the log.
A9: 5. Example rows are shown in grey italics. Overwrite or delete them when you start.
A11: Your settings
A12: Units | B12: lb | C12: Pick lb or kg. Targets below are in these units.
A13: Weekly gain target: minimum | B13: 0.5 | C13: Skinny guys: 0.5 lb (0.25 kg) per week. Below this for 2 weeks = eat more.
A14: Weekly gain target: maximum | B14: 1 | C14: Above 1.5× this (default 1.5 lb / 0.7 kg) = mostly fat, eat a little less.
A15: Daily calorie target (from animebulk.com/calculator) | B15: 2850 | C15: Your starting number. Update it when the check-in sheet tells you to.
A16: Daily protein target (g) | B16: 135 | C16: 0.8–1 g per lb of bodyweight (1.8–2.2 g per kg).
A18: Legend
A19: Yellow fill / blue text = type here
A20: Black = formula, do not edit
A22: Estimated 1RM uses the Epley formula: weight × (1 + reps ÷ 30). Accurate for 1–10 reps; treat higher-rep estimates as rough.
A23: General fitness information, not medical advice. © 2026 ANIMEBULK

Sheet Weekly Check-in
A1: Week | B1: Week starting | C1: Weigh-in 1 | D1: Weigh-in 2 | E1: Weigh-in 3 | F1: Weekly average | G1: Change vs last week | H1: Avg daily calories | I1: Verdict | J1: Notes
A2: 1 | B2: 46321 | C2: 142 | D2: 142.6 | E2: 142.2 | F2: =IF(COUNT(C2:E2)=0,"",AVERAGE(C2:E2)) -> 142.26667 | G2: ="" | H2: 2700 | I2: =IF(G2="","",IF(G2<'Start Here'!$B$13,"Below target: add 200 kcal/day",IF(G2>'Start Here'!$B$14*1.5,"Too fast: cut 150 kcal/day","On target: change nothing"))) | J2: Example row: delete me
A3: 2 | B3: 46328 | C3: 142.4 | D3: 143.1 | E3: 142.9 | F3: =IF(COUNT(C3:E3)=0,"",AVERAGE(C3:E3)) -> 142.8 | G3: =IF(OR(F3="",F2=""),"",F3-F2) -> 0.53333333 | H3: 2850 | I3: =IF(G3="","",IF(G3<'Start Here'!$B$13,"Below target: add 200 kcal/day",IF(G3>'Start Here'!$B$14*1.5,"Too fast: cut 150 kcal/day","On target: change nothing"))) -> On target: change nothing | J3: Example row: delete me
A4: 3 | B4: 46335 | F4: =IF(COUNT(C4:E4)=0,"",AVERAGE(C4:E4)) | G4: =IF(OR(F4="",F3=""),"",F4-F3) | I4: =IF(G4="","",IF(G4<'Start Here'!$B$13,"Below target: add 200 kcal/day",IF(G4>'Start Here'!$B$14*1.5,"Too fast: cut 150 kcal/day","On target: change nothing")))
A5: 4 | B5: 46342 | F5: =IF(COUNT(C5:E5)=0,"",AVERAGE(C5:E5)) | G5: =IF(OR(F5="",F4=""),"",F5-F4) | I5: =IF(G5="","",IF(G5<'Start Here'!$B$13,"Below target: add 200 kcal/day",IF(G5>'Start Here'!$B$14*1.5,"Too fast: cut 150 kcal/day","On target: change nothing")))
A6: 5 | B6: 46349 | F6: =IF(COUNT(C6:E6)=0,"",AVERAGE(C6:E6)) | G6: =IF(OR(F6="",F5=""),"",F6-F5) | I6: =IF(G6="","",IF(G6<'Start Here'!$B$13,"Below target: add 200 kcal/day",IF(G6>'Start Here'!$B$14*1.5,"Too fast: cut 150 kcal/day","On target: change nothing")))
A7: 6 | B7: 46356 | F7: =IF(COUNT(C7:E7)=0,"",AVERAGE(C7:E7)) | G7: =IF(OR(F7="",F6=""),"",F7-F6) | I7: =IF(G7="","",IF(G7<'Start Here'!$B$13,"Below target: add 200 kcal/day",IF(G7>'Start Here'!$B$14*1.5,"Too fast: cut 150 kcal/day","On target: change nothing")))
A8: 7 | B8: 46363 | F8: =IF(COUNT(C8:E8)=0,"",AVERAGE(C8:E8)) | G8: =IF(OR(F8="",F7=""),"",F8-F7) | I8: =IF(G8="","",IF(G8<'Start Here'!$B$13,"Below target: add 200 kcal/day",IF(G8>'Start Here'!$B$14*1.5,"Too fast: cut 150 kcal/day","On target: change nothing")))
A9: 8 | B9: 46370 | F9: =IF(COUNT(C9:E9)=0,"",AVERAGE(C9:E9)) | G9: =IF(OR(F9="",F8=""),"",F9-F8) | I9: =IF(G9="","",IF(G9<'Start Here'!$B$13,"Below target: add 200 kcal/day",IF(G9>'Start Here'!$B$14*1.5,"Too fast: cut 150 kcal/day","On target: change nothing")))
A10: 9 | B10: 46377 | F10: =IF(COUNT(C10:E10)=0,"",AVERAGE(C10:E10)) | G10: =IF(OR(F10="",F9=""),"",F10-F9) | I10: =IF(G10="","",IF(G10<'Start Here'!$B$13,"Below target: add 200 kcal/day",IF(G10>'Start Here'!$B$14*1.5,"Too fast: cut 150 kcal/day","On target: change nothing")))
A11: 10 | B11: 46384 | F11: =IF(COUNT(C11:E11)=0,"",AVERAGE(C11:E11)) | G11: =IF(OR(F11="",F10=""),"",F11-F10) | I11: =IF(G11="","",IF(G11<'Start Here'!$B$13,"Below target: add 200 kcal/day",IF(G11>'Start Here'!$B$14*1.5,"Too fast: cut 150 kcal/day","On target: change nothing")))
A12: 11 | B12: 46391 | F12: =IF(COUNT(C12:E12)=0,"",AVERAGE(C12:E12)) | G12: =IF(OR(F12="",F11=""),"",F12-F11) | I12: =IF(G12="","",IF(G12<'Start Here'!$B$13,"Below target: add 200 kcal/day",IF(G12>'Start Here'!$B$14*1.5,"Too fast: cut 150 kcal/day","On target: change nothing")))
A13: 12 | B13: 46398 | F13: =IF(COUNT(C13:E13)=0,"",AVERAGE(C13:E13)) | G13: =IF(OR(F13="",F12=""),"",F13-F12) | I13: =IF(G13="","",IF(G13<'Start Here'!$B$13,"Below target: add 200 kcal/day",IF(G13>'Start Here'!$B$14*1.5,"Too fast: cut 150 kcal/day","On target: change nothing")))
A16: Weigh in 3 mornings a week after the bathroom, before food. Compare weekly averages, never single days. Targets come from the Start Here sheet.

Sheet Workout Log
A1: Date | B1: Session | C1: Exercise | D1: Set # | E1: Weight | F1: Reps | G1: Est. 1RM | H1: Best so far? | I1: Notes
A2: 46321 | B2: A | C2: Goblet Squat | D2: 1 | E2: 35 | F2: 10 | G2: =IF(OR(E2="",F2=""),"",ROUND(E2*(1+F2/30),1)) -> 46.7 | H2: =IF(G2="","",IF(G2>=_xlfn.MAXIFS($G$2:$G$501,$C$2:$C$501,C2),"PR","")) -> PR | I2: Example row: delete me
A3: 46321 | B3: A | C3: Goblet Squat | D3: 2 | E3: 35 | F3: 10 | G3: =IF(OR(E3="",F3=""),"",ROUND(E3*(1+F3/30),1)) -> 46.7 | H3: =IF(G3="","",IF(G3>=_xlfn.MAXIFS($G$2:$G$501,$C$2:$C$501,C3),"PR","")) -> PR
A4: 46321 | B4: A | C4: Dumbbell Floor Press | D4: 1 | E4: 30 | F4: 9 | G4: =IF(OR(E4="",F4=""),"",ROUND(E4*(1+F4/30),1)) -> 39 | H4: =IF(G4="","",IF(G4>=_xlfn.MAXIFS($G$2:$G$501,$C$2:$C$501,C4),"PR","")) -> PR
A5: 46323 | B5: B | C5: Pull-up | D5: 1 | E5: 142 | F5: 5 | G5: =IF(OR(E5="",F5=""),"",ROUND(E5*(1+F5/30),1)) -> 165.7 | H5: =IF(G5="","",IF(G5>=_xlfn.MAXIFS($G$2:$G$501,$C$2:$C$501,C5),"PR","")) -> PR | I5: bodyweight moves: enter your bodyweight as the weight
G6: =IF(OR(E6="",F6=""),"",ROUND(E6*(1+F6/30),1)) | H6: =IF(G6="","",IF(G6>=_xlfn.MAXIFS($G$2:$G$501,$C$2:$C$501,C6),"PR",""))
G7: =IF(OR(E7="",F7=""),"",ROUND(E7*(1+F7/30),1)) | H7: =IF(G7="","",IF(G7>=_xlfn.MAXIFS($G$2:$G$501,$C$2:$C$501,C7),"PR",""))
G8: =IF(OR(E8="",F8=""),"",ROUND(E8*(1+F8/30),1)) | H8: =IF(G8="","",IF(G8>=_xlfn.MAXIFS($G$2:$G$501,$C$2:$C$501,C8),"PR",""))
G9: =IF(OR(E9="",F9=""),"",ROUND(E9*(1+F9/30),1)) | H9: =IF(G9="","",IF(G9>=_xlfn.MAXIFS($G$2:$G$501,$C$2:$C$501,C9),"PR",""))
G10: =IF(OR(E10="",F10=""),"",ROUND(E10*(1+F10/30),1)) | H10: =IF(G10="","",IF(G10>=_xlfn.MAXIFS($G$2:$G$501,$C$2:$C$501,C10),"PR",""))
G11: =IF(OR(E11="",F11=""),"",ROUND(E11*(1+F11/30),1)) | H11: =IF(G11="","",IF(G11>=_xlfn.MAXIFS($G$2:$G$501,$C$2:$C$501,C11),"PR",""))
G12: =IF(OR(E12="",F12=""),"",ROUND(E12*(1+F12/30),1)) | H12: =IF(G12="","",IF(G12>=_xlfn.MAXIFS($G$2:$G$501,$C$2:$C$501,C12),"PR",""))
G13: =IF(OR(E13="",F13=""),"",ROUND(E13*(1+F13/30),1)) | H13: =IF(G13="","",IF(G13>=_xlfn.MAXIFS($G$2:$G$501,$C$2:$C$501,C13),"PR",""))
G14: =IF(OR(E14="",F14=""),"",ROUND(E14*(1+F14/30),1)) | H14: =IF(G14="","",IF(G14>=_xlfn.MAXIFS($G$2:$G$501,$C$2:$C$501,C14),"PR",""))
G15: =IF(OR(E15="",F15=""),"",ROUND(E15*(1+F15/30),1)) | H15: =IF(G15="","",IF(G15>=_xlfn.MAXIFS($G$2:$G$501,$C$2:$C$501,C15),"PR",""))
G16: =IF(OR(E16="",F16=""),"",ROUND(E16*(1+F16/30),1)) | H16: =IF(G16="","",IF(G16>=_xlfn.MAXIFS($G$2:$G$501,$C$2:$C$501,C16),"PR",""))
G17: =IF(OR(E17="",F17=""),"",ROUND(E17*(1+F17/30),1)) | H17: =IF(G17="","",IF(G17>=_xlfn.MAXIFS($G$2:$G$501,$C$2:$C$501,C17),"PR",""))
... G501: =IF(OR(E501="",F501=""),"",ROUND(E501*(1+F501/30),1)) | H501: =IF(G501="","",IF(G501>=_xlfn.MAXIFS($G$2:$G$501,$C$2:$C$501,C501),"PR",""))

Sheet PR Board
A1: Exercise | B1: Best est. 1RM | C1: Sets logged | D1: Last logged
A2: =Lists!A2 -> Goblet Squat | B2: =IF(COUNTIF('Workout Log'!$C$2:$C$501,A2)=0,"",_xlfn.MAXIFS('Workout Log'!$G$2:$G$501,'Workout Log'!$C$2:$C$501,A2)) -> 46.7 | C2: =COUNTIF('Workout Log'!$C$2:$C$501,A2) -> 2 | D2: =IF(C2=0,"",_xlfn.MAXIFS('Workout Log'!$A$2:$A$501,'Workout Log'!$C$2:$C$501,A2)) -> 46321
A3: =Lists!A3 -> Dumbbell Floor Press | B3: =IF(COUNTIF('Workout Log'!$C$2:$C$501,A3)=0,"",_xlfn.MAXIFS('Workout Log'!$G$2:$G$501,'Workout Log'!$C$2:$C$501,A3)) -> 39 | C3: =COUNTIF('Workout Log'!$C$2:$C$501,A3) -> 1 | D3: =IF(C3=0,"",_xlfn.MAXIFS('Workout Log'!$A$2:$A$501,'Workout Log'!$C$2:$C$501,A3)) -> 46321
A4: =Lists!A4 -> Dumbbell Bench Press | B4: =IF(COUNTIF('Workout Log'!$C$2:$C$501,A4)=0,"",_xlfn.MAXIFS('Workout Log'!$G$2:$G$501,'Workout Log'!$C$2:$C$501,A4)) | C4: =COUNTIF('Workout Log'!$C$2:$C$501,A4) -> 0 | D4: =IF(C4=0,"",_xlfn.MAXIFS('Workout Log'!$A$2:$A$501,'Workout Log'!$C$2:$C$501,A4))
A5: =Lists!A5 -> Dumbbell Bent-Over Row | B5: =IF(COUNTIF('Workout Log'!$C$2:$C$501,A5)=0,"",_xlfn.MAXIFS('Workout Log'!$G$2:$G$501,'Workout Log'!$C$2:$C$501,A5)) | C5: =COUNTIF('Workout Log'!$C$2:$C$501,A5) -> 0 | D5: =IF(C5=0,"",_xlfn.MAXIFS('Workout Log'!$A$2:$A$501,'Workout Log'!$C$2:$C$501,A5))
A6: =Lists!A6 -> Single-Arm Dumbbell Row | B6: =IF(COUNTIF('Workout Log'!$C$2:$C$501,A6)=0,"",_xlfn.MAXIFS('Workout Log'!$G$2:$G$501,'Workout Log'!$C$2:$C$501,A6)) | C6: =COUNTIF('Workout Log'!$C$2:$C$501,A6) -> 0 | D6: =IF(C6=0,"",_xlfn.MAXIFS('Workout Log'!$A$2:$A$501,'Workout Log'!$C$2:$C$501,A6))
A7: =Lists!A7 -> Dumbbell Romanian Deadlift | B7: =IF(COUNTIF('Workout Log'!$C$2:$C$501,A7)=0,"",_xlfn.MAXIFS('Workout Log'!$G$2:$G$501,'Workout Log'!$C$2:$C$501,A7)) | C7: =COUNTIF('Workout Log'!$C$2:$C$501,A7) -> 0 | D7: =IF(C7=0,"",_xlfn.MAXIFS('Workout Log'!$A$2:$A$501,'Workout Log'!$C$2:$C$501,A7))
A8: =Lists!A8 -> Dumbbell Overhead Press | B8: =IF(COUNTIF('Workout Log'!$C$2:$C$501,A8)=0,"",_xlfn.MAXIFS('Workout Log'!$G$2:$G$501,'Workout Log'!$C$2:$C$501,A8)) | C8: =COUNTIF('Workout Log'!$C$2:$C$501,A8) -> 0 | D8: =IF(C8=0,"",_xlfn.MAXIFS('Workout Log'!$A$2:$A$501,'Workout Log'!$C$2:$C$501,A8))
A9: =Lists!A9 -> Pull-up | B9: =IF(COUNTIF('Workout Log'!$C$2:$C$501,A9)=0,"",_xlfn.MAXIFS('Workout Log'!$G$2:$G$501,'Workout Log'!$C$2:$C$501,A9)) -> 165.7 | C9: =COUNTIF('Workout Log'!$C$2:$C$501,A9) -> 1 | D9: =IF(C9=0,"",_xlfn.MAXIFS('Workout Log'!$A$2:$A$501,'Workout Log'!$C$2:$C$501,A9)) -> 46323
A10: =Lists!A10 -> Chin-up | B10: =IF(COUNTIF('Workout Log'!$C$2:$C$501,A10)=0,"",_xlfn.MAXIFS('Workout Log'!$G$2:$G$501,'Workout Log'!$C$2:$C$501,A10)) | C10: =COUNTIF('Workout Log'!$C$2:$C$501,A10) -> 0 | D10: =IF(C10=0,"",_xlfn.MAXIFS('Workout Log'!$A$2:$A$501,'Workout Log'!$C$2:$C$501,A10))
A11: =Lists!A11 -> Inverted Row | B11: =IF(COUNTIF('Workout Log'!$C$2:$C$501,A11)=0,"",_xlfn.MAXIFS('Workout Log'!$G$2:$G$501,'Workout Log'!$C$2:$C$501,A11)) | C11: =COUNTIF('Workout Log'!$C$2:$C$501,A11) -> 0 | D11: =IF(C11=0,"",_xlfn.MAXIFS('Workout Log'!$A$2:$A$501,'Workout Log'!$C$2:$C$501,A11))
A12: =Lists!A12 -> Push-up | B12: =IF(COUNTIF('Workout Log'!$C$2:$C$501,A12)=0,"",_xlfn.MAXIFS('Workout Log'!$G$2:$G$501,'Workout Log'!$C$2:$C$501,A12)) | C12: =COUNTIF('Workout Log'!$C$2:$C$501,A12) -> 0 | D12: =IF(C12=0,"",_xlfn.MAXIFS('Workout Log'!$A$2:$A$501,'Workout Log'!$C$2:$C$501,A12))
A13: =Lists!A13 -> Dumbbell Reverse Lunge | B13: =IF(COUNTIF('Workout Log'!$C$2:$C$501,A13)=0,"",_xlfn.MAXIFS('Workout Log'!$G$2:$G$501,'Workout Log'!$C$2:$C$501,A13)) | C13: =COUNTIF('Workout Log'!$C$2:$C$501,A13) -> 0 | D13: =IF(C13=0,"",_xlfn.MAXIFS('Workout Log'!$A$2:$A$501,'Workout Log'!$C$2:$C$501,A13))
... A22: =Lists!A22 -> Dead Hang (seconds) | B22: =IF(COUNTIF('Workout Log'!$C$2:$C$501,A22)=0,"",_xlfn.MAXIFS('Workout Log'!$G$2:$G$501,'Workout Log'!$C$2:$C$501,A22)) | C22: =COUNTIF('Workout Log'!$C$2:$C$501,A22) -> 0 | D22: =IF(C22=0,"",_xlfn.MAXIFS('Workout Log'!$A$2:$A$501,'Workout Log'!$C$2:$C$501,A22))
A25: Best est. 1RM = highest Epley estimate logged for that exercise. Add exercises on the Lists sheet; the dropdown and this board update automatically.

Sheet Lists
A1: Exercises (edit this list to add your own) | C1: Sessions | E1: Units
A2: Goblet Squat | C2: A | E2: lb
A3: Dumbbell Floor Press | C3: B | E3: kg
A4: Dumbbell Bench Press | C4: Upper
A5: Dumbbell Bent-Over Row | C5: Lower
A6: Single-Arm Dumbbell Row | C6: Push
A7: Dumbbell Romanian Deadlift | C7: Pull
A8: Dumbbell Overhead Press | C8: Legs
A9: Pull-up | C9: Conditioning
A10: Chin-up
A11: Inverted Row
A12: Push-up
A13: Dumbbell Reverse Lunge
A14: Bulgarian Split Squat
A15: Hip Thrust
A16: Dumbbell Lateral Raise
A17: Dumbbell Curl
A18: Overhead Triceps Extension
A19: Farmer Carry
A20: Plank (seconds)
A21: Hanging Knee Raise
... A23: Other
